{
  "binary_feature_columns": [
    "state",
    "usage_counter",
    "prio",
    "static_prio",
    "normal_prio",
    "policy",
    "vm_pgoff",
    "vm_truncate_count",
    "task_size",
    "cached_hole_size",
    "free_area_cache",
    "mm_users",
    "map_count",
    "hiwater_rss",
    "total_vm",
    "shared_vm",
    "exec_vm",
    "reserved_vm",
    "nr_ptes",
    "end_data",
    "last_interval",
    "nvcsw",
    "nivcsw",
    "min_flt",
    "maj_flt",
    "fs_excl_counter",
    "lock",
    "utime",
    "stime",
    "gtime",
    "cgtime",
    "signal_nvcsw"
  ],
  "multiclass_feature_columns": [
    "filesize_bytes",
    "entropy",
    "import_count",
    "has_packed",
    "strings_count",
    "api_calls_count",
    "permission_count",
    "network_activity",
    "domain_count",
    "ip_count",
    "suspicious_strings_count",
    "platform_encoded",
    "obfuscation_level_encoded"
  ],
  "malware_types": [
    "adware",
    "botnet",
    "phishing",
    "ransomware",
    "rootkit",
    "spyware",
    "trojan",
    "worm"
  ],
  "feature_importances": {
    "binary": {
      "state": 0.0017804333380102098,
      "usage_counter": 0.0,
      "prio": 0.03547504879854244,
      "static_prio": 0.2281284202832647,
      "normal_prio": 0.0,
      "policy": 0.0,
      "vm_pgoff": 0.0,
      "vm_truncate_count": 0.052975842715654385,
      "task_size": 0.0,
      "cached_hole_size": 0.0,
      "free_area_cache": 0.09276748632693874,
      "mm_users": 0.033931119334346144,
      "map_count": 0.039676924302098196,
      "hiwater_rss": 0.0,
      "total_vm": 0.021918400336661738,
      "shared_vm": 0.045762528694707455,
      "exec_vm": 0.047657363661034714,
      "reserved_vm": 0.029519166974444247,
      "nr_ptes": 0.0,
      "end_data": 0.039345528969690326,
      "last_interval": 0.026651214157891574,
      "nvcsw": 0.09281472397174145,
      "nivcsw": 0.021321159459691562,
      "min_flt": 0.0017057037916567651,
      "maj_flt": 0.05866737320330017,
      "fs_excl_counter": 0.01141298659281299,
      "lock": 0.0,
      "utime": 0.09620318381069466,
      "stime": 0.013582648344402093,
      "gtime": 0.008702742932415363,
      "cgtime": 0.0,
      "signal_nvcsw": 0.0
    },
    "multiclass": {
      "filesize_bytes": 0.14959603937205437,
      "entropy": 0.16219020973087006,
      "import_count": 0.11232491942932474,
      "has_packed": 0.023698861438376285,
      "strings_count": 0.1480369553869287,
      "api_calls_count": 0.12437161235347342,
      "permission_count": 0.08926643699216753,
      "network_activity": 0.020722181345183784,
      "domain_count": 0.030530192040387927,
      "ip_count": 0.023690794127701538,
      "suspicious_strings_count": 0.0,
      "platform_encoded": 0.06183941195307515,
      "obfuscation_level_encoded": 0.05373238583045643
    }
  },
  "timestamp": "2025-08-10T21:05:59.657433",
  "model_info": {
    "binary_features": 32,
    "multiclass_features": 13,
    "num_malware_types": 8
  }
}